{
  "pick": {
    "tcp_pose": [
      -1.0865984267210917,
      -0.0575336427623233,
      -0.12661018720765477,
      -1.6618789482063958,
      -1.4826539687107605,
      0.7066636769803487
    ],
    "joint_positions": [
      -0.022483650838033498,
      0.07038693010296626,
      0.39564639726747686,
      -3.0296646557249964,
      -1.74176532426943,
      -0.00018674532045537262
    ]
  },
  "place": {
    "tcp_pose": [
      -1.0059281784046135,
      -0.3696578326724911,
      -0.16917169175559033,
      -1.4504806354818471,
      -1.7440280310919754,
      0.872304911176641
    ],
    "joint_positions": [
      0.2755870223045349,
      0.110820932979248,
      0.4371302763568323,
      -3.120174547235006,
      -1.741840664540426,
      -0.0001900831805627945
    ]
  },
  "nothing": {
    "tcp_pose": [
      -0.13820295351801073,
      -0.5428650996026172,
      0.18556974530815804,
      -0.012413518179381905,
      3.112026588343102,
      -0.018025747899156598
    ],
    "joint_positions": [
      -1.5102551252020735,
      -1.746788622197812,
      -2.403010536602471,
      -0.5493543742952856,
      1.5995828854672247,
      0.052753990251641625
    ]
  },
  "home": {
    "tcp_pose": [
      -0.2574984371918652,
      0.13758793252102594,
      0.4934081876541565,
      -1.3160181060173908,
      0.11211291098325578,
      0.8608154380907359
    ],
    "joint_positions": [
      -0.0018852392779749039,
      0.4532260137745361,
      -2.5139119625091553,
      -1.7315136394896449,
      -2.6311758200274866,
      -2.175966371709137e-05
    ]
  },
  "approach position": {
    "tcp_pose": [
      0.6911894590245957,
      -0.174242811955552,
      0.6780467750404178,
      -2.220642678218633,
      2.220644790051429,
      -0.003536717068014871
    ],
    "joint_positions": [
      1.4210854715202004e-14,
      -1.5699999999999967,
      -1.5700000000000003,
      -1.5699999999999985,
      1.5700000000000003,
      1.4210854715202004e-14
    ]
  },
  "pose 1": {
    "tcp_pose": [
      -0.18963153692348175,
      -0.6096838816511917,
      0.26097114869435084,
      -0.0012213596815925638,
      3.1162765284819756,
      0.038891915636886834
    ],
    "joint_positions": [
      -1.6006999999999998,
      -1.7271,
      -2.2029999999999994,
      -0.8079999999999998,
      1.5951,
      -0.030999999999999694
    ]
  },
  "pose 2": {
    "tcp_pose": [
      -0.18963153692348175,
      -0.6096838816511917,
      0.26097114869435084,
      -0.0012213596815925638,
      3.1162765284819756,
      0.038891915636886834
    ],
    "joint_positions": [
      -1.6006999999999998,
      -1.7271,
      -2.2029999999999994,
      -0.8079999999999998,
      1.5951,
      -0.030999999999999694
    ]
  },
  "pose 3": {
    "tcp_pose": [
      -0.18963153692348175,
      -0.6096838816511917,
      0.26097114869435084,
      -0.0012213596815925638,
      3.1162765284819756,
      0.038891915636886834
    ],
    "joint_positions": [
      -1.6006999999999998,
      -1.7271,
      -2.2029999999999994,
      -0.8079999999999998,
      1.5951,
      -0.030999999999999694
    ]
  },
  "pose 4": {
    "tcp_pose": [
      -0.18963153692348175,
      -0.6096838816511917,
      0.26097114869435084,
      -0.0012213596815925638,
      3.1162765284819756,
      0.038891915636886834
    ],
    "joint_positions": [
      -1.6006999999999998,
      -1.7271,
      -2.2029999999999994,
      -0.8079999999999998,
      1.5951,
      -0.030999999999999694
    ]
  },
  "asmaposition": {
    "tcp_pose": [
      -1.1842500000000011,
      -0.29069999995083434,
      0.06084999994037777,
      1.570796327,
      -2.0927210985061333e-15,
      -3.8726026370366615e-15
    ],
    "joint_positions": [
      -1.7763568394002505e-15,
      -8.881784197001252e-16,
      0.0,
      0.0,
      1.7763568394002505e-15,
      0.0
    ]
  },
  "baqerpostion": {
    "tcp_pose": [
      -1.1842500000000011,
      -0.29069999995083434,
      0.06084999994037777,
      1.570796327,
      -2.0927210985061333e-15,
      -3.8726026370366615e-15
    ],
    "joint_positions": [
      -1.7763568394002505e-15,
      -8.881784197001252e-16,
      0.0,
      0.0,
      1.7763568394002505e-15,
      0.0
    ]
  },
  "home_new": {
    "tcp_pose": [
      0.1703598364301246,
      -0.12267523342170075,
      0.9706126415881613,
      -0.008007039008928952,
      1.567930193592955,
      -0.08218805978540895
    ],
    "joint_positions": [
      -1.616607968007223,
      -1.592147012750143,
      0.005794827138082326,
      -3.237312456170553,
      -3.138259236012594,
      -0.1686466375934046
    ]
  },
  "pick_main": {
    "tcp_pose": [
      -1.042839721774479,
      -0.0848246157182314,
      0.2984943066429836,
      -1.6894509199220429,
      -1.7357873126204968,
      0.6923053269775732
    ],
    "joint_positions": [
      -0.04231721559633428,
      -0.5984462660602112,
      0.5175755659686487,
      -2.31864132503652,
      -1.5870078245746058,
      -0.075935188923971
    ]
  },
  "place_main": {
    "tcp_pose": [
      -0.9531162599391017,
      -0.4694903610058815,
      0.05011743062187693,
      -1.4586037560081586,
      -2.2171020046113936,
      0.6770162407794623
    ],
    "joint_positions": [
      0.337984561920166,
      -0.3292158407023926,
      0.4855416456805628,
      -2.365610738793844,
      -1.594088379536764,
      -0.07591087022890264
    ]
  },
  "home_main_final": {
    "tcp_pose": [
      -0.1484283815775128,
      0.14738645862635502,
      0.42451068451624185,
      -1.3086705314064333,
      0.24898913007507625,
      0.884648756115045
    ],
    "joint_positions": [
      0.0024105857592076063,
      0.4833757120319824,
      -2.763232946395874,
      -1.615385194818014,
      -2.7065258661853235,
      -0.0004909674273889664
    ]
  },
  "1": {
    "tcp_pose": [
      -0.18748214219256953,
      0.16841587503007133,
      0.6756893932112268,
      -1.4765267988150648,
      0.3513033240434053,
      0.6100009488818504
    ],
    "joint_positions": [
      0.02480527199804783,
      -0.1817191404155274,
      -1.9670840501785278,
      -1.6100088558592738,
      -2.994770113621847,
      6.755811682523927e-06
    ]
  },
  "2": {
    "tcp_pose": [
      -0.5509787434180209,
      0.15900811677777776,
      0.7937160270821737,
      -1.5735785651995302,
      -0.28378819617381057,
      -0.014856799470737932
    ],
    "joint_positions": [
      0.024753833189606667,
      -0.38378949583087163,
      -0.9580422639846802,
      -1.6097060642638148,
      -2.9945934454547327,
      -2.175966371709137e-05
    ]
  },
  "3": {
    "tcp_pose": [
      -0.837325217944288,
      0.1516109354866831,
      0.4891986122015023,
      -1.3987451091601384,
      -1.1296931157764707,
      -0.9003225481158674
    ],
    "joint_positions": [
      0.024762272834777832,
      -0.6318512719920655,
      0.3966634909259241,
      -1.6097141704955042,
      -2.994561020527975,
      -3.797212709599762e-05
    ]
  },
  "4": {
    "tcp_pose": [
      -0.9675122828781864,
      -0.04799896861205879,
      0.1945436415754917,
      -2.1137985432379787,
      -1.923961668483307,
      0.4083342439680583
    ],
    "joint_positions": [
      -0.10178643861879522,
      -0.5499814313701172,
      0.39639169374574834,
      -1.7956634960570277,
      -1.5309942404376429,
      2.8324602681095712e-05
    ]
  },
  "5": {
    "tcp_pose": [
      -0.9104354455031721,
      -0.4918108505658197,
      -0.02578927448936913,
      -1.6243716384498532,
      -2.355386829676814,
      0.5649411264414468
    ],
    "joint_positions": [
      0.354155033826828,
      -0.24889309824023442,
      0.3963730970965784,
      -2.166279455224508,
      -1.5337393919574183,
      -1.3176594869435121e-05
    ]
  }
}